[
    {
        "productsID"    : "PID04", 
        "serisNameEn"   : "The Mistletoe",
        "serisNameZh"   : "槲寄生",
        "title"         : "925银镶钻石链坠", 
        "price"         : "699",
        "JDLink"        : "http://item.jd.com/1469474310.html",
        "imgUrl"        : "shop/02/products/the-mistletoe-pendant.jpg"
    },
    {
        "productsID"    : "PID05", 
        "serisNameEn"   : "The Mistletoe",
        "serisNameZh"   : "槲寄生",
        "title"         : "925银镶钻石链坠", 
        "price"         : "699",
        "JDLink"        : "http://www.baidu.com",
        "imgUrl"        : "shop/02/products/the-mistletoe-necklace.jpg"
    },
    {
        "productsID"    : "PID06", 
        "serisNameEn"   : "The Mistletoe",
        "serisNameZh"   : "槲寄生",
        "title"         : "925银镶钻石链坠", 
        "price"         : "699",
        "JDLink"        : "http://www.google.com",
        "imgUrl"        : "shop/02/products/the-mistletoe-pendant.jpg"
    }
]
 