[
    {
        "boxID"  :  "01", 
        "enName" :  "The Mistletoe", 
        "zhName" :  "槲寄生",
        "introl" :  "一种传说能够守护爱情的植物。在英国，每年冬季都会有大量的情侣在槲寄生下面亲吻，以祈求爱情得到永久的守护。",
        "cover"  :  "shop/01/banner/bg.jpg"
    },
    {
        "boxID"  :  "02", 
        "enName" :  "Twin Story", 
        "zhName" :  "双生记",
        "introl" :  "一组戒指，两种佩戴方式，单指或双指皆可带来别致风格。苛求一切细节，精选925银镀金材质，配以微镶的天然托帕石，光芒堪比钻石。每处都精心打磨，佩戴舒适随意。",
        "cover"  :  "shop/02/banner/bg.jpg"
    },
    {
        "boxID"  :  "03", 
        "enName" :  "Posture of Flower", 
        "zhName" :  "花的姿态",
        "introl" :  "温柔坚韧的花朵，甜蜜繁茂的在喧嚣尘世中保持清静， 珠宝甜美诗意如花，让人深陷于春天的盎然和夏天的清甜中，而这份情感不过分夸张，带着沉静优雅，绽放着独一无二的姿态。",
        "cover"  :  "shop/03/banner/bg.jpg"
    }
]
